tenure_month,at_risk_subscribed,cancelled_this_month,monthly_churn_pct,retention_pct
0,1250,63,5.04,100.0
1,1177,62,5.267629566694987,94.16
2,1101,39,3.5422343324250685,88.08
3,1041,37,3.554274735830932,83.28
4,982,34,3.462321792260693,78.56
5,924,21,2.272727272727273,73.92
6,874,23,2.631578947368421,69.92
7,819,18,2.197802197802198,65.52
8,763,20,2.621231979030144,61.040000000000006
9,703,15,2.1337126600284493,56.24
10,647,13,2.009273570324575,51.76
11,594,12,2.0202020202020203,47.52
12,539,9,1.6697588126159555,43.120000000000005
13,481,12,2.494802494802495,38.48
14,427,13,3.0444964871194378,34.160000000000004
15,361,14,3.8781163434903045,28.88
16,292,8,2.73972602739726,23.36
17,243,6,2.4691358024691357,19.439999999999998
18,201,6,2.9850746268656714,16.08
19,147,1,0.6802721088435374,11.76
20,113,4,3.5398230088495577,9.04
21,71,0,0.0,5.680000000000001
22,47,0,0.0,3.7600000000000002
23,18,0,0.0,1.44
