cohort,0,1,2,3,4,5,6,7,8,9,10,11,12,13,14,15,16,17,18,19,20,21,22,23,24
2023-01,100.0,90.0,87.5,87.5,87.5,87.5,82.5,72.5,70.0,70.0,67.5,65.0,65.0,65.0,60.0,57.49999999999999,52.5,52.5,52.5,52.5,52.5,45.0,45.0,45.0,0.0
2023-02,100.0,98.11320754716981,90.56603773584906,90.56603773584906,83.01886792452831,75.47169811320755,73.58490566037736,73.58490566037736,73.58490566037736,71.69811320754717,69.81132075471697,67.9245283018868,67.9245283018868,67.9245283018868,66.0377358490566,66.0377358490566,64.15094339622641,62.264150943396224,60.37735849056604,56.60377358490566,56.60377358490566,54.71698113207547,54.71698113207547,0.0,0.0
2023-03,100.0,88.52459016393442,88.52459016393442,85.24590163934425,83.60655737704919,78.68852459016394,78.68852459016394,75.40983606557377,73.77049180327869,72.1311475409836,68.85245901639344,67.21311475409836,65.57377049180327,65.57377049180327,63.934426229508205,62.295081967213115,50.81967213114754,47.540983606557376,45.90163934426229,40.98360655737705,39.34426229508197,39.34426229508197,0.0,0.0,0.0
2023-04,100.0,98.50746268656717,94.02985074626866,92.53731343283582,92.53731343283582,86.56716417910447,82.08955223880598,76.11940298507463,74.6268656716418,71.64179104477611,71.64179104477611,68.65671641791045,68.65671641791045,67.16417910447761,64.17910447761194,61.19402985074627,61.19402985074627,61.19402985074627,58.2089552238806,56.71641791044776,56.71641791044776,0.0,0.0,0.0,0.0
2023-05,100.0,91.42857142857143,87.14285714285714,81.42857142857143,80.0,78.57142857142857,77.14285714285715,77.14285714285715,74.28571428571429,72.85714285714285,70.0,65.71428571428571,64.28571428571429,61.42857142857143,60.0,54.285714285714285,52.85714285714286,48.57142857142857,47.14285714285714,47.14285714285714,0.0,0.0,0.0,0.0,0.0
2023-06,100.0,95.8904109589041,93.15068493150685,86.3013698630137,83.56164383561644,83.56164383561644,82.1917808219178,80.82191780821918,78.08219178082192,75.34246575342466,73.97260273972603,73.97260273972603,73.97260273972603,71.23287671232876,71.23287671232876,68.4931506849315,68.4931506849315,67.12328767123287,65.75342465753424,0.0,0.0,0.0,0.0,0.0,0.0
2023-07,100.0,91.78082191780823,89.04109589041096,82.1917808219178,78.08219178082192,72.6027397260274,71.23287671232876,68.4931506849315,64.38356164383562,61.64383561643836,57.534246575342465,56.16438356164384,53.42465753424658,53.42465753424658,53.42465753424658,53.42465753424658,50.68493150684932,49.31506849315068,0.0,0.0,0.0,0.0,0.0,0.0,0.0
2023-08,100.0,95.94594594594594,90.54054054054053,85.13513513513513,78.37837837837837,75.67567567567568,75.67567567567568,75.67567567567568,72.97297297297297,68.91891891891892,68.91891891891892,66.21621621621621,64.86486486486487,62.16216216216216,59.45945945945946,56.75675675675676,55.4054054054054,0.0,0.0,0.0,0.0,0.0,0.0,0.0,0.0
2023-09,100.0,95.8904109589041,87.67123287671232,86.3013698630137,86.3013698630137,83.56164383561644,82.1917808219178,82.1917808219178,80.82191780821918,79.45205479452055,79.45205479452055,79.45205479452055,79.45205479452055,79.45205479452055,76.71232876712328,75.34246575342466,0.0,0.0,0.0,0.0,0.0,0.0,0.0,0.0,0.0
2023-10,100.0,98.61111111111111,94.44444444444444,93.05555555555556,88.88888888888889,86.11111111111111,84.72222222222221,81.94444444444444,80.55555555555556,79.16666666666666,79.16666666666666,79.16666666666666,75.0,75.0,73.61111111111111,0.0,0.0,0.0,0.0,0.0,0.0,0.0,0.0,0.0,0.0
2023-11,100.0,97.10144927536231,88.40579710144928,85.5072463768116,82.6086956521739,78.26086956521739,76.81159420289855,75.36231884057972,73.91304347826086,69.56521739130434,69.56521739130434,68.11594202898551,63.76811594202898,60.86956521739131,0.0,0.0,0.0,0.0,0.0,0.0,0.0,0.0,0.0,0.0,0.0
2023-12,100.0,94.02985074626866,89.55223880597015,88.05970149253731,86.56716417910447,86.56716417910447,79.1044776119403,77.61194029850746,76.11940298507463,76.11940298507463,74.6268656716418,74.6268656716418,73.13432835820896,0.0,0.0,0.0,0.0,0.0,0.0,0.0,0.0,0.0,0.0,0.0,0.0
2024-01,100.0,93.65079365079364,90.47619047619048,88.88888888888889,84.12698412698413,79.36507936507937,79.36507936507937,77.77777777777779,77.77777777777779,74.60317460317461,69.84126984126983,68.25396825396825,0.0,0.0,0.0,0.0,0.0,0.0,0.0,0.0,0.0,0.0,0.0,0.0,0.0
2024-02,100.0,95.0,91.66666666666666,85.0,76.66666666666667,71.66666666666667,71.66666666666667,68.33333333333333,68.33333333333333,68.33333333333333,66.66666666666666,0.0,0.0,0.0,0.0,0.0,0.0,0.0,0.0,0.0,0.0,0.0,0.0,0.0,0.0
2024-03,100.0,96.42857142857143,87.5,83.92857142857143,82.14285714285714,80.35714285714286,78.57142857142857,78.57142857142857,75.0,73.21428571428571,0.0,0.0,0.0,0.0,0.0,0.0,0.0,0.0,0.0,0.0,0.0,0.0,0.0,0.0,0.0
2024-04,100.0,98.0392156862745,92.15686274509804,88.23529411764706,84.31372549019608,84.31372549019608,84.31372549019608,78.43137254901961,78.43137254901961,0.0,0.0,0.0,0.0,0.0,0.0,0.0,0.0,0.0,0.0,0.0,0.0,0.0,0.0,0.0,0.0
2024-05,100.0,97.82608695652173,95.65217391304348,93.47826086956522,93.47826086956522,89.13043478260869,82.6086956521739,82.6086956521739,0.0,0.0,0.0,0.0,0.0,0.0,0.0,0.0,0.0,0.0,0.0,0.0,0.0,0.0,0.0,0.0,0.0
2024-06,100.0,90.47619047619048,83.33333333333334,80.95238095238095,76.19047619047619,76.19047619047619,76.19047619047619,0.0,0.0,0.0,0.0,0.0,0.0,0.0,0.0,0.0,0.0,0.0,0.0,0.0,0.0,0.0,0.0,0.0,0.0
2024-07,100.0,97.2972972972973,86.48648648648648,83.78378378378379,78.37837837837837,78.37837837837837,0.0,0.0,0.0,0.0,0.0,0.0,0.0,0.0,0.0,0.0,0.0,0.0,0.0,0.0,0.0,0.0,0.0,0.0,0.0
2024-08,100.0,90.32258064516128,80.64516129032258,77.41935483870968,77.41935483870968,0.0,0.0,0.0,0.0,0.0,0.0,0.0,0.0,0.0,0.0,0.0,0.0,0.0,0.0,0.0,0.0,0.0,0.0,0.0,0.0
2024-09,100.0,92.3076923076923,84.61538461538461,84.61538461538461,0.0,0.0,0.0,0.0,0.0,0.0,0.0,0.0,0.0,0.0,0.0,0.0,0.0,0.0,0.0,0.0,0.0,0.0,0.0,0.0,0.0
2024-10,100.0,100.0,100.0,0.0,0.0,0.0,0.0,0.0,0.0,0.0,0.0,0.0,0.0,0.0,0.0,0.0,0.0,0.0,0.0,0.0,0.0,0.0,0.0,0.0,0.0
2024-11,100.0,93.33333333333333,0.0,0.0,0.0,0.0,0.0,0.0,0.0,0.0,0.0,0.0,0.0,0.0,0.0,0.0,0.0,0.0,0.0,0.0,0.0,0.0,0.0,0.0,0.0
2024-12,100.0,0.0,0.0,0.0,0.0,0.0,0.0,0.0,0.0,0.0,0.0,0.0,0.0,0.0,0.0,0.0,0.0,0.0,0.0,0.0,0.0,0.0,0.0,0.0,0.0
