month_start,mrr,active_customers,new_customers,churned_this_month
2023-01-01,50389.69,40,40,0
2023-02-01,107229.85,89,53,4
2023-03-01,186773.81,148,61,2
2023-04-01,259778.13999999998,204,67,11
2023-05-01,354458.03,273,70,1
2023-06-01,479011.42,331,73,15
2023-07-01,545128.87,390,73,14
2023-08-01,613819.78,444,74,20
2023-09-01,678039.31,501,73,16
2023-10-01,729434.91,553,72,20
2023-11-01,796309.19,600,69,22
2023-12-01,836792.12,647,67,20
2024-01-01,901279.36,688,63,22
2024-02-01,920119.66,728,60,20
2024-03-01,941209.88,761,56,23
2024-04-01,977378.9,792,51,20
2024-05-01,995732.11,810,46,28
2024-06-01,1003846.85,823,42,29
2024-07-01,1028242.09,829,37,31
2024-08-01,1051079.69,839,31,21
2024-09-01,1051453.24,846,26,19
2024-10-01,1052669.41,837,21,30
2024-11-01,1045093.4,822,15,30
2024-12-01,1051251.85,820,10,12
